<?xml version='1.0' encoding='utf-8'?>
<!DOCTYPE hibernate-mapping PUBLIC
    "-//Hibernate/Hibernate Mapping DTD 3.0//EN"
    "http://www.hibernate.org/dtd/hibernate-mapping-3.0.dtd">
<hibernate-mapping>

    <class name="com.lookingglass.model.ProgramsEntity" table="programs" schema="datatable">
        <id name="id">
            <column name="id" sql-type="int(11)"/>
        </id>
        <property name="name">
            <column name="name" sql-type="varchar(50)" length="50"/>
        </property>
        <property name="userId">
            <column name="user_id" sql-type="int(11)" not-null="true"/>
        </property>
        <many-to-one name="usersByUserId" class="com.lookingglass.model.UsersEntity">
            <column name="user_id" not-null="true"/>
        </many-to-one>
        <set name="programParametersById" inverse="true">
            <key>
                <column name="program_id" not-null="true"/>
            </key>
            <one-to-many not-found="ignore" class="com.lookingglass.model.ProgramParametersEntity"/>
        </set>
    </class>
</hibernate-mapping>