<?xml version='1.0' encoding='utf-8'?>
<!DOCTYPE hibernate-mapping PUBLIC
    "-//Hibernate/Hibernate Mapping DTD 3.0//EN"
    "http://www.hibernate.org/dtd/hibernate-mapping-3.0.dtd">
<hibernate-mapping>

    <class name="com.lookingglass.model.ProgramParametersEntity" table="program_parameters" schema="datatable">
        <id name="id">
            <column name="id" sql-type="int(11)"/>
        </id>
        <property name="programId">
            <column name="program_id" sql-type="int(11)" not-null="true"/>
        </property>
        <property name="parameterName">
            <column name="parameter_name" sql-type="varchar(20)" length="20"/>
        </property>
        <property name="parameterValue">
            <column name="parameter_value" sql-type="varchar(100)" length="100"/>
        </property>
        <many-to-one name="programsByProgramId" class="com.lookingglass.model.ProgramsEntity">
            <column name="program_id" not-null="true"/>
        </many-to-one>
    </class>
</hibernate-mapping>