<?xml version='1.0' encoding='utf-8'?>
<!DOCTYPE hibernate-mapping PUBLIC
    "-//Hibernate/Hibernate Mapping DTD 3.0//EN"
    "http://www.hibernate.org/dtd/hibernate-mapping-3.0.dtd">
<hibernate-mapping>

    <class name="com.lookingglass.model.UsersEntity" table="users" schema="datatable">
        <id name="id">
            <column name="id" sql-type="int(11)"/>
        </id>
        <property name="label">
            <column name="label" sql-type="varchar(20)" length="20"/>
        </property>
        <set name="picturesById" inverse="true">
            <key>
                <column name="user_id" not-null="true"/>
            </key>
            <one-to-many not-found="ignore" class="com.lookingglass.model.PicturesEntity"/>
        </set>
        <set name="programsById" inverse="true">
            <key>
                <column name="user_id" not-null="true"/>
            </key>
            <one-to-many not-found="ignore" class="com.lookingglass.model.ProgramsEntity"/>
        </set>
        <set name="usersParametersById" inverse="true">
            <key>
                <column name="user_id" not-null="true"/>
            </key>
            <one-to-many not-found="ignore" class="com.lookingglass.model.UsersParametersEntity"/>
        </set>
    </class>
</hibernate-mapping>